<?xml version="1.0" encoding="UTF-8"?>
<project-private xmlns="http://www.netbeans.org/ns/project-private/1">
    <editor-bookmarks xmlns="http://www.netbeans.org/ns/editor-bookmarks/2" lastBookmarkId="0"/>
    <open-files xmlns="http://www.netbeans.org/ns/projectui-open-files/2">
        <group name="Group 20191223-11:01:48">
            <file>file:/C:/Users/cheti/Documents/NetBeansProjects/HotelManagement/src/I3/UI/ControlPanel.java</file>
        </group>
        <group>
            <file>file:/C:/Users/OMKAR%20ANPAT/Downloads/hotel%20a%20v%20o/HotelManagement/HotelManagement/src/project/ControlPanel.java</file>
            <file>file:/C:/Users/OMKAR%20ANPAT/Downloads/hotel%20a%20v%20o/HotelManagement/HotelManagement/src/project/Login.java</file>
        </group>
    </open-files>
</project-private>
